{
  "DF260 to t260": {

    "min": 0.6121900000000000,
    "25%": 12888.6200000000008004,
    "count": 155557.0000000000000000,
    "max": 25167.1699999999982538,
    "50%": 13003.0699999999997090,
    "75%": 13132.6299999999991996,
    "mean": 12714.9218993998965743,
    "std": 1977.3606252467832292
  },
  "ER255 Stm Flow": {
"min": 0.0049400000000000,
"25%": 10066.0100000000002183,
"count": 155557.0000000000000000,
"max": 16866.8300000000017462,
"50%": 11476.3899999999994179,
"75%": 12553.1499999999996362,
"mean": 11356.8929119507301948,
"std": 1874.3586841297433239
},
"sample":
{
"min": 2.0000000000000000,
"25%": 3.4800000000000000,
"count": 155445.0000000000000000,
"max": 7.0000000000000000,
"50%": 4.5700000000000003,
"75%": 5.1500000000000004,
"mean": 4.4274257776062287,
"std": 0.9909071963480955
},
"EV230 to CY240":
{
"min": 0.0305600000000000,
"25%": 59.9396600000000035,
"count": 155557.0000000000000000,
"max": 112.5610999999999962,
"50%": 60.1477599999999981,
"75%": 61.8994300000000024,
"mean": 60.3064586174842745,
"std": 6.5640545965076722
},
"DF260 to T260_SP":
{
"min": 8000.0000000000000000,
"25%": 13000.0000000000000000,
"count": 155557.0000000000000000,
"max": 18500.0000000000000000,
"50%": 13000.0000000000000000,
"75%": 13000.0000000000000000,
"mean": 12926.2376170792704215,
"std": 1053.4980380933484412
},
"Fd To Evap-Valve":
{
"min": 0.0000000000000000,
"25%": 36.1209100000000021,
"count": 155557.0000000000000000,
"max": 54.5463499999999968,
"50%": 37.0857900000000029,
"75%": 37.5562100000000001,
"mean": 36.3577359983157251,
"std": 3.8632333720589034
},
"T255 Reflux":
{
"min": 44.9825999999999979,
"25%": 3812.3299999999999272,
"count": 155557.0000000000000000,
"max": 10223.1900000000005093,
"50%": 4288.6069999999999709,
"75%": 4770.4539999999997235,
"mean": 4314.8080289617319067,
"std": 642.7692926569314977
},
"Rewk From D295":
{
"min": 0.0000000000000000,
"25%": 0.0025300000000000,
"count": 155557.0000000000000000,
"max": 30.7829200000000007,
"50%": 0.2645900000000000,
"75%": 0.5531800000000000,
"mean": 0.4444456101621914,
"std": 0.8325991113645400
},
"Stm Vlv To EH250":
{
"min": 0.0000000000000000,
"25%": 44.0000000000000000,
"count": 155557.0000000000000000,
"max": 54.0000000000000000,
"50%": 45.0000000000000000,
"75%": 51.0000000000000000,
"mean": 46.6061703957391842,
"std": 5.1201047131921218
},
"Steam to EH250":
{
"min": 1752.8430000000000746,
"25%": 30584.9599999999991269,
"count": 155557.0000000000000000,
"max": 36777.3499999999985448,
"50%": 32038.6800000000002910,
"75%": 32678.3899999999994179,
"mean": 31104.1221551457056194,
"std": 3450.4819264423240384
},
"Fd To Evap-Calc":
{
"min": 0.0000000000000000,
"25%": 78.0618599999999958,
"count": 155557.0000000000000000,
"max": 150.0000000000000000,
"50%": 83.1726599999999934,
"75%": 85.6097699999999975,
"mean": 80.4474760768721495,
"std": 11.3816326011531679
},
"Evap Systm Press":
{
"min": 0.0000000000000000,
"25%": 4.6214300000000001,
"count": 155557.0000000000000000,
"max": 6.2652500000000000,
"50%": 4.9423199999999996,
"75%": 5.1567200000000000,
"mean": 4.8742027781456310,
"std": 0.4254216821981495
},
"EV250 Press":
{
"min": 0.0000000000000000,
"25%": 12.5381999999999998,
"count": 155557.0000000000000000,
"max": 28.7718799999999995,
"50%": 13.1590500000000006,
"75%": 13.7019300000000008,
"mean": 13.2520896345391090,
"std": 1.3472079197722215
},
"EV250 Temp":
{
"min": 75.1731900000000053,
"25%": 120.9312000000000040,
"count": 155557.0000000000000000,
"max": 143.3777000000000044,
"50%": 121.9245999999999981,
"75%": 122.9819999999999993,
"mean": 121.8213834406680434,
"std": 3.4642077727362057
},
"EF250 to EV230":
{
"min": 0.0000000000000000,
"25%": 5.2686700000000002,
"count": 155557.0000000000000000,
"max": 78.2802099999999967,
"50%": 8.6324199999999998,
"75%": 14.1171500000000005,
"mean": 21.0948633760615003,
"std": 27.9949120771415316
}, "EV230 Press":
{
"min": 0.0000000000000000,
"25%": 4.6213400000000000,
"count": 155557.0000000000000000,
"max": 6.2736000000000001,
"50%": 4.9432099999999997,
"75%": 5.1559999999999997,
"mean": 4.8741026570967554,
"std": 0.4255304124160308
}
}